<DATE>	<TIME>	<BID>	<ASK>	<LAST>	<VOLUME>	<FLAGS>
2026.06.30	08:55:34.993		14.060			4
2026.06.30	08:56:08.461		14.055			4
2026.06.30	08:56:11.657		14.060			4
2026.06.30	08:56:15.927	14.015				2
2026.06.30	08:56:28.597	14.030				2
2026.06.30	08:57:03.000	14.030				2
2026.06.30	08:57:33.269		14.060			4
2026.06.30	08:59:03.774	14.030	14.060			6
2026.06.30	08:59:09.317		14.055			4
2026.06.30	08:59:57.300	14.035				2
2026.06.30	09:00:00.351	14.035				2
2026.06.30	09:00:10.183		14.055			4
2026.06.30	09:00:38.724	14.040				2
2026.06.30	09:00:41.000	14.035				2
2026.06.30	09:00:51.314		14.050			4
2026.06.30	09:00:53.384		14.055			4
2026.06.30	09:00:58.830	14.040				2
2026.06.30	09:01:00.024	14.040				2
2026.06.30	09:01:00.829		14.050			4
2026.06.30	09:01:03.164		14.045			4
2026.06.30	09:01:33.820			14.040	140.00000000	88
2026.06.30	09:01:33.820	14.040	14.045			6
2026.06.30	09:01:37.436			14.045	1.00000000	56
2026.06.30	09:01:47.729	14.035				2
2026.06.30	09:01:48.397	14.040				2
2026.06.30	09:02:01.869	14.040				2
2026.06.30	09:02:07.313			14.040	29.00000000	88
2026.06.30	09:02:07.367	14.035				2
2026.06.30	09:02:07.369		14.040			4
2026.06.30	09:02:12.263			14.040	24.00000000	56
2026.06.30	09:02:12.275	14.040				2
2026.06.30	09:02:12.298		14.045			4
2026.06.30	09:02:47.923			14.040	1.00000000	88
2026.06.30	09:02:51.791	14.035				2
2026.06.30	09:03:01.005	14.035				2
2026.06.30	09:03:09.710	14.040				2
2026.06.30	09:03:12.369		14.045			4
2026.06.30	09:03:13.163			14.040	19.00000000	88
2026.06.30	09:03:13.715			14.040	2.00000000	88
2026.06.30	09:03:13.879	14.035				2
2026.06.30	09:03:13.879		14.040			4
2026.06.30	09:03:14.210			14.040	5.00000000	56
2026.06.30	09:03:14.211		14.045			4
2026.06.30	09:03:16.000		14.040			4
2026.06.30	09:03:45.425			14.035	19.00000000	88
2026.06.30	09:03:45.442			14.035	8.00000000	88
2026.06.30	09:03:45.445			14.035	11.00000000	88
2026.06.30	09:03:45.451			14.035	5.00000000	88
2026.06.30	09:03:45.453			14.035	20.00000000	88
2026.06.30	09:03:50.784			14.035	26.00000000	88
2026.06.30	09:03:50.812			14.040	35.00000000	56
2026.06.30	09:03:50.815			14.035	5.00000000	88
2026.06.30	09:03:50.823			14.035	20.00000000	88
2026.06.30	09:03:56.798			14.040	11.00000000	56
2026.06.30	09:03:56.952			14.040	2.00000000	56
2026.06.30	09:03:56.952		14.045			4
2026.06.30	09:04:04.546	14.035				2
2026.06.30	09:04:07.256	14.040				2
2026.06.30	09:04:19.049			14.040	10.00000000	88
2026.06.30	09:04:19.053			14.040	8.00000000	88
2026.06.30	09:04:19.059			14.040	6.00000000	88
2026.06.30	09:04:19.059	14.035				2
2026.06.30	09:04:19.329		14.040			4
2026.06.30	09:04:26.659			14.040	155.00000000	56
2026.06.30	09:04:26.661			14.040	137.00000000	56
2026.06.30	09:04:26.665			14.040	9.00000000	56
2026.06.30	09:04:26.694		14.045			4
2026.06.30	09:04:46.521		14.040			4
2026.06.30	09:04:47.007			14.040	1.00000000	56
2026.06.30	09:04:52.290			14.040	3.00000000	56
2026.06.30	09:04:52.591		14.045			4
2026.06.30	09:05:00.090	14.040				2
2026.06.30	09:05:10.582			14.040	1.00000000	88
2026.06.30	09:05:15.627			14.040	3.00000000	88
2026.06.30	09:05:15.629	14.035				2
2026.06.30	09:05:15.639		14.040			4
2026.06.30	09:05:19.995			14.035	10.00000000	88
2026.06.30	09:05:30.718			14.035	1.00000000	88
2026.06.30	09:05:30.718			14.035	19.00000000	88
2026.06.30	09:05:30.779			14.035	11.00000000	88
2026.06.30	09:05:34.903			14.035	15.00000000	88
2026.06.30	09:06:03.410	14.035				2
2026.06.30	09:06:15.645		14.040			4
2026.06.30	09:07:00.416	14.035				2
2026.06.30	09:07:07.835			14.040	69.00000000	56
2026.06.30	09:07:07.839			14.040	68.00000000	56
2026.06.30	09:07:07.844			14.040	69.00000000	56
2026.06.30	09:07:07.850			14.040	55.00000000	56
2026.06.30	09:07:07.851			14.040	13.00000000	56
2026.06.30	09:07:07.856			14.040	192.00000000	56
2026.06.30	09:07:07.862			14.040	41.00000000	56
2026.06.30	09:07:07.866			14.040	100.00000000	56
2026.06.30	09:07:07.871			14.040	66.00000000	56
2026.06.30	09:07:07.871			14.040	30.00000000	56
2026.06.30	09:07:07.875			14.040	66.00000000	56
2026.06.30	09:07:07.877			14.040	30.00000000	56
2026.06.30	09:07:07.880			14.040	57.00000000	56
2026.06.30	09:07:07.880			14.040	9.00000000	56
2026.06.30	09:07:07.884			14.040	49.00000000	56
2026.06.30	09:07:07.889			14.040	70.00000000	56
2026.06.30	09:07:07.889			14.040	60.00000000	56
2026.06.30	09:07:07.893			14.040	69.00000000	56
2026.06.30	09:07:07.898			14.040	84.00000000	56
2026.06.30	09:07:07.899			14.040	14.00000000	56
2026.06.30	09:07:07.899			14.040	30.00000000	56
2026.06.30	09:07:07.903			14.040	41.00000000	56
2026.06.30	09:07:07.903			14.040	27.00000000	56
2026.06.30	09:07:07.908			14.040	73.00000000	56
2026.06.30	09:07:07.913			14.040	5.00000000	56
2026.06.30	09:07:07.914			14.040	23.00000000	56
2026.06.30	09:07:07.915			14.040	46.00000000	56
2026.06.30	09:07:07.918			14.040	36.00000000	56
2026.06.30	09:07:07.923			14.040	73.00000000	56
2026.06.30	09:07:07.927			14.040	23.00000000	56
2026.06.30	09:07:07.933			14.040	64.00000000	56
2026.06.30	09:07:07.936			14.040	5.00000000	56
2026.06.30	09:07:16.353		14.040			4
2026.06.30	09:07:57.689			14.040	22.00000000	56
2026.06.30	09:07:57.691			14.040	46.00000000	56
2026.06.30	09:07:57.710			14.040	69.00000000	56
2026.06.30	09:07:57.716			14.040	350.00000000	56
2026.06.30	09:07:57.720			14.040	68.00000000	56
2026.06.30	09:07:57.727			14.040	69.00000000	56
2026.06.30	09:07:57.729			14.040	18.00000000	56
2026.06.30	09:07:57.736	14.040				2
2026.06.30	09:07:57.736		14.045			4
2026.06.30	09:08:00.027	14.040				2
2026.06.30	09:08:03.268			14.045	5.00000000	56
2026.06.30	09:08:03.270			14.045	64.00000000	56
2026.06.30	09:08:11.698			14.045	69.00000000	56
2026.06.30	09:08:11.709			14.045	68.00000000	56
2026.06.30	09:08:11.720			14.045	69.00000000	56
2026.06.30	09:08:11.727			14.045	4.00000000	56
2026.06.30	09:08:11.728			14.045	32.00000000	56
2026.06.30	09:08:11.728			14.045	32.00000000	56
2026.06.30	09:08:11.734			14.045	41.00000000	56
2026.06.30	09:08:11.738			14.045	14.00000000	56
2026.06.30	09:08:11.751	14.045				2
2026.06.30	09:08:11.751		14.050			4
2026.06.30	09:08:53.075			14.045	1.00000000	88
2026.06.30	09:08:53.087			14.045	41.00000000	88
2026.06.30	09:08:53.087			14.045	53.00000000	88
2026.06.30	09:08:53.100			14.045	73.00000000	88
2026.06.30	09:08:53.101			14.045	28.00000000	88
2026.06.30	09:08:53.115			14.045	12.00000000	88
2026.06.30	09:08:53.116			14.045	58.00000000	88
2026.06.30	09:08:53.122			14.045	29.00000000	88
2026.06.30	09:08:53.130			14.045	27.00000000	88
2026.06.30	09:08:53.191			14.045	41.00000000	88
2026.06.30	09:08:53.196			14.045	24.00000000	88
2026.06.30	09:08:53.196			14.045	46.00000000	88
2026.06.30	09:08:53.199			14.045	95.00000000	88
2026.06.30	09:08:53.204			14.045	25.00000000	88
2026.06.30	09:08:53.204			14.045	30.00000000	88
2026.06.30	09:08:53.208			14.045	16.00000000	88
2026.06.30	09:08:54.105			14.045	4.00000000	88
2026.06.30	09:08:54.201			14.045	31.00000000	88
2026.06.30	09:08:54.201			14.040	36.00000000	88
2026.06.30	09:08:54.205			14.045	7.00000000	88
2026.06.30	09:09:04.896	14.045				2
2026.06.30	09:09:06.175			14.045	88.00000000	88
2026.06.30	09:09:10.442			14.045	37.00000000	88
2026.06.30	09:09:10.448			14.045	68.00000000	88
2026.06.30	09:09:10.458			14.045	68.00000000	88
2026.06.30	09:09:10.463			14.045	69.00000000	88
2026.06.30	09:09:10.465			14.045	68.00000000	88
2026.06.30	09:09:10.470			14.045	69.00000000	88
2026.06.30	09:09:10.474			14.045	69.00000000	88
2026.06.30	09:09:10.478			14.045	68.00000000	88
2026.06.30	09:09:10.483			14.045	69.00000000	88
2026.06.30	09:09:10.487			14.045	68.00000000	88
2026.06.30	09:09:10.492			14.045	69.00000000	88
2026.06.30	09:09:10.496			14.045	68.00000000	88
2026.06.30	09:09:10.500			14.045	69.00000000	88
2026.06.30	09:09:10.504			14.045	68.00000000	88
2026.06.30	09:09:10.509			14.045	69.00000000	88
2026.06.30	09:09:10.513			14.045	69.00000000	88
2026.06.30	09:09:10.517			14.045	68.00000000	88
2026.06.30	09:09:10.522			14.045	69.00000000	88
2026.06.30	09:09:10.526			14.045	68.00000000	88
2026.06.30	09:09:10.530			14.045	90.00000000	88
2026.06.30	09:09:10.535			14.045	68.00000000	88
2026.06.30	09:09:10.535			14.045	43.00000000	88
2026.06.30	09:09:10.539			14.045	90.00000000	88
2026.06.30	09:09:10.543			14.045	66.00000000	88
2026.06.30	09:09:10.547			14.045	11.00000000	88
2026.06.30	09:09:10.552			14.045	32.00000000	88
2026.06.30	09:09:10.556			14.045	31.00000000	88
2026.06.30	09:09:10.706			14.045	5.00000000	88
2026.06.30	09:09:12.192		14.050			4
2026.06.30	09:09:17.651			14.045	26.00000000	88
2026.06.30	09:09:19.331			14.050	68.00000000	56
2026.06.30	09:09:19.343			14.050	68.00000000	56
2026.06.30	09:09:19.851			14.050	69.00000000	56
2026.06.30	09:09:20.014			14.050	68.00000000	56
2026.06.30	09:09:20.850			14.050	69.00000000	56
2026.06.30	09:09:23.777			14.050	69.00000000	56
2026.06.30	09:09:23.799			14.050	68.00000000	56
2026.06.30	09:09:23.812			14.050	69.00000000	56
2026.06.30	09:09:23.821			14.050	18.00000000	56
2026.06.30	09:09:23.821			14.050	50.00000000	56
2026.06.30	09:09:23.828			14.050	69.00000000	56
2026.06.30	09:09:23.831			14.050	55.00000000	56
2026.06.30	09:09:23.831			14.050	13.00000000	56
2026.06.30	09:09:23.835			14.050	69.00000000	56
2026.06.30	09:09:23.839			14.050	68.00000000	56
2026.06.30	09:09:23.843			14.050	69.00000000	56
2026.06.30	09:09:23.848			14.050	69.00000000	56
2026.06.30	09:09:23.852			14.050	68.00000000	56
2026.06.30	09:09:23.857			14.050	69.00000000	56
2026.06.30	09:09:23.861			14.050	68.00000000	56
2026.06.30	09:09:23.865			14.050	69.00000000	56
2026.06.30	09:09:23.870			14.050	75.00000000	56
2026.06.30	09:09:23.874			14.050	12.00000000	56
2026.06.30	09:09:23.878			14.050	9.00000000	56
2026.06.30	09:09:23.878			14.050	18.00000000	56
2026.06.30	09:09:23.879			14.050	12.00000000	56
2026.06.30	09:09:23.880			14.055	18.00000000	56
2026.06.30	09:09:23.881			14.050	21.00000000	56
2026.06.30	09:09:23.886			14.050	21.00000000	56
2026.06.30	09:09:23.887			14.050	9.00000000	56
2026.06.30	09:09:23.891			14.050	4.00000000	56
2026.06.30	09:09:23.892			14.050	18.00000000	56
2026.06.30	09:09:23.893			14.050	12.00000000	56
2026.06.30	09:09:23.893			14.050	1.00000000	56
2026.06.30	09:09:23.895			14.050	6.00000000	56
2026.06.30	09:09:23.896			14.050	9.00000000	56
2026.06.30	09:09:23.900			14.050	49.00000000	56
2026.06.30	09:09:23.904			14.050	29.00000000	56
2026.06.30	09:09:23.904			14.050	30.00000000	56
2026.06.30	09:09:23.908			14.050	23.00000000	56
2026.06.30	09:09:23.909			14.050	18.00000000	56
2026.06.30	09:09:23.914			14.050	30.00000000	56
2026.06.30	09:09:23.914			14.050	53.00000000	56
2026.06.30	09:09:23.922			14.050	30.00000000	56
2026.06.30	09:09:23.927			14.050	36.00000000	56
2026.06.30	09:09:23.927			14.050	2.00000000	56
2026.06.30	09:09:23.927			14.050	14.00000000	56
2026.06.30	09:09:23.932			14.050	1.00000000	56
2026.06.30	09:09:24.001	14.050				2
2026.06.30	09:09:24.001		14.055			4
2026.06.30	09:09:26.491			14.055	69.00000000	56
2026.06.30	09:09:26.520			14.055	69.00000000	56
2026.06.30	09:09:26.533			14.055	68.00000000	56
2026.06.30	09:09:26.540			14.055	69.00000000	56
2026.06.30	09:09:26.546			14.055	69.00000000	56
2026.06.30	09:09:26.557			14.055	57.00000000	56
2026.06.30	09:09:26.557			14.055	23.00000000	56
2026.06.30	09:09:26.559			14.055	59.00000000	56
2026.06.30	09:09:26.563			14.055	25.00000000	56
2026.06.30	09:09:26.564			14.055	5.00000000	56
2026.06.30	09:09:26.571			14.055	18.00000000	56
2026.06.30	09:09:26.571			14.055	64.00000000	56
2026.06.30	09:09:26.571			14.055	25.00000000	56
2026.06.30	09:09:26.578			14.055	43.00000000	56
2026.06.30	09:09:26.581			14.055	90.00000000	56
2026.06.30	09:09:26.586			14.055	34.00000000	56
2026.06.30	09:09:26.587			14.055	14.00000000	56
2026.06.30	09:09:26.588			14.055	15.00000000	56
2026.06.30	09:09:26.592	14.055				2
2026.06.30	09:09:26.653		14.060			4
2026.06.30	09:09:27.629			14.060	58.00000000	56
2026.06.30	09:09:27.630			14.060	9.00000000	56
2026.06.30	09:09:27.640			14.060	68.00000000	56
2026.06.30	09:09:27.645			14.060	28.00000000	56
2026.06.30	09:09:27.645			14.060	41.00000000	56
2026.06.30	09:09:27.651			14.060	69.00000000	56
2026.06.30	09:09:27.654			14.060	68.00000000	56
2026.06.30	09:09:27.658			14.060	23.00000000	56
2026.06.30	09:09:27.658			14.060	46.00000000	56
2026.06.30	09:09:27.662			14.060	18.00000000	56
2026.06.30	09:09:27.662			14.060	50.00000000	56
2026.06.30	09:09:27.666			14.060	69.00000000	56
2026.06.30	09:09:27.671			14.060	68.00000000	56
2026.06.30	09:09:27.675			14.060	69.00000000	56
2026.06.30	09:09:27.679			14.060	68.00000000	56
2026.06.30	09:09:27.684			14.060	18.00000000	56
2026.06.30	09:09:27.684			14.060	51.00000000	56
2026.06.30	09:09:27.688			14.060	69.00000000	56
2026.06.30	09:09:27.692			14.060	68.00000000	56
2026.06.30	09:09:27.697			14.060	69.00000000	56
2026.06.30	09:09:27.701			14.060	68.00000000	56
2026.06.30	09:09:27.707			14.060	69.00000000	56
2026.06.30	09:09:27.712			14.060	68.00000000	56
2026.06.30	09:09:27.716			14.060	69.00000000	56
2026.06.30	09:09:27.720			14.060	68.00000000	56
2026.06.30	09:09:27.724			14.060	69.00000000	56
2026.06.30	09:09:27.729			14.060	69.00000000	56
2026.06.30	09:09:27.733			14.060	98.00000000	56
2026.06.30	09:09:27.737			14.060	71.00000000	56
2026.06.30	09:09:27.738			14.060	30.00000000	56
2026.06.30	09:09:27.742			14.060	70.00000000	56
2026.06.30	09:09:27.746			14.060	4.00000000	56
2026.06.30	09:09:27.746			14.060	65.00000000	56
2026.06.30	09:09:27.750			14.060	68.00000000	56
2026.06.30	09:09:27.755			14.060	69.00000000	56
2026.06.30	09:09:27.759			14.060	68.00000000	56
2026.06.30	09:09:27.763			14.060	69.00000000	56
2026.06.30	09:09:27.767			14.060	69.00000000	56
2026.06.30	09:09:27.768			14.060	30.00000000	56
2026.06.30	09:09:27.772			14.060	82.00000000	56
2026.06.30	09:09:27.776			14.060	33.00000000	56
2026.06.30	09:09:27.776			14.060	1.00000000	56
2026.06.30	09:09:27.781			14.060	66.00000000	56
2026.06.30	09:09:27.785			14.060	55.00000000	56
2026.06.30	09:09:27.789			14.060	7.00000000	56
2026.06.30	09:09:27.794			14.060	26.00000000	56
2026.06.30	09:09:27.794			14.060	8.00000000	56
2026.06.30	09:09:27.799			14.060	66.00000000	56
2026.06.30	09:09:27.804			14.060	32.00000000	56
2026.06.30	09:09:27.804			14.060	19.00000000	56
2026.06.30	09:09:27.804			14.060	18.00000000	56
2026.06.30	09:09:27.900			14.060	7.00000000	56
2026.06.30	09:09:27.900			14.060	20.00000000	56
2026.06.30	09:09:27.901			14.060	3.00000000	56
2026.06.30	09:09:28.299			14.055	510.00000000	88
2026.06.30	09:09:28.624			14.060	38.00000000	56
2026.06.30	09:09:28.638			14.060	32.00000000	56
2026.06.30	09:09:28.644			14.060	9.00000000	56
2026.06.30	09:09:28.647			14.060	46.00000000	56
2026.06.30	09:09:28.653			14.060	14.00000000	56
2026.06.30	09:09:28.658			14.060	18.00000000	56
2026.06.30	09:09:28.659			14.060	50.00000000	56
2026.06.30	09:09:28.663			14.060	37.00000000	56
2026.06.30	09:09:28.666			14.060	32.00000000	56
2026.06.30	09:09:28.671			14.060	42.00000000	56
2026.06.30	09:09:28.675			14.060	13.00000000	56
2026.06.30	09:09:28.675			14.060	64.00000000	56
2026.06.30	09:09:28.677			14.060	18.00000000	56
2026.06.30	09:09:28.679			14.060	14.00000000	56
2026.06.30	09:09:28.684			14.060	78.00000000	56
2026.06.30	09:09:28.692			14.060	59.00000000	56
2026.06.30	09:09:28.701			14.060	55.00000000	56
2026.06.30	09:09:28.702			14.055	7.00000000	88
2026.06.30	09:09:28.707			14.060	13.00000000	56
2026.06.30	09:09:28.707			14.060	23.00000000	56
2026.06.30	09:09:28.708			14.060	55.00000000	56
2026.06.30	09:09:28.711			14.060	42.00000000	56
2026.06.30	09:09:28.711			14.060	27.00000000	56
2026.06.30	09:09:28.716			14.060	7.00000000	56
2026.06.30	09:09:28.716			14.060	19.00000000	56
2026.06.30	09:09:28.717			14.060	13.00000000	56
2026.06.30	09:09:28.721			14.060	50.00000000	56
2026.06.30	09:09:28.729			14.060	55.00000000	56
2026.06.30	09:09:28.733			14.060	41.00000000	56
2026.06.30	09:09:28.738			14.060	11.00000000	56
2026.06.30	09:09:28.739			14.060	19.00000000	56
2026.06.30	09:09:28.740			14.060	50.00000000	56
2026.06.30	09:09:28.744			14.060	62.00000000	56
2026.06.30	09:09:28.749			14.060	50.00000000	56
2026.06.30	09:09:28.753			14.060	15.00000000	56
2026.06.30	09:09:28.753			14.060	15.00000000	56
2026.06.30	09:09:28.758			14.060	30.00000000	56
2026.06.30	09:09:28.762			14.060	30.00000000	56
2026.06.30	09:09:28.767			14.060	30.00000000	56
2026.06.30	09:09:28.771			14.060	30.00000000	56
2026.06.30	09:09:28.775			14.060	30.00000000	56
2026.06.30	09:09:28.780			14.060	30.00000000	56
2026.06.30	09:09:28.781			14.060	7.00000000	56
2026.06.30	09:09:28.781			14.060	14.00000000	56
2026.06.30	09:09:28.786			14.060	27.00000000	56
2026.06.30	09:09:28.786			14.060	30.00000000	56
2026.06.30	09:09:28.790			14.060	41.00000000	56
2026.06.30	09:09:28.795			14.060	18.00000000	56
2026.06.30	09:09:28.795			14.060	12.00000000	56
2026.06.30	09:09:28.800			14.060	30.00000000	56
2026.06.30	09:09:28.804			14.060	27.00000000	56
2026.06.30	09:09:28.804			14.060	3.00000000	56
2026.06.30	09:09:28.809			14.060	9.00000000	56
2026.06.30	09:09:28.809			14.060	21.00000000	56
2026.06.30	09:09:28.813			14.060	30.00000000	56
2026.06.30	09:09:28.815			14.060	3.00000000	56
2026.06.30	09:09:28.818			14.060	14.00000000	56
2026.06.30	09:09:28.818			14.060	16.00000000	56
2026.06.30	09:09:28.822			14.060	30.00000000	56
2026.06.30	09:09:28.827			14.060	30.00000000	56
2026.06.30	09:09:28.831			14.060	30.00000000	56
2026.06.30	09:09:28.836			14.060	18.00000000	56
2026.06.30	09:09:28.836			14.060	10.00000000	56
2026.06.30	09:09:28.836			14.060	2.00000000	56
2026.06.30	09:09:28.841			14.060	30.00000000	56
2026.06.30	09:09:28.845			14.060	30.00000000	56
2026.06.30	09:09:28.850			14.060	30.00000000	56
2026.06.30	09:09:28.854			14.060	30.00000000	56
2026.06.30	09:09:28.859			14.060	30.00000000	56
2026.06.30	09:09:28.863			14.060	30.00000000	56
2026.06.30	09:09:28.868			14.060	30.00000000	56
2026.06.30	09:09:28.872			14.060	30.00000000	56
2026.06.30	09:09:28.877			14.060	30.00000000	56
2026.06.30	09:09:28.881			14.060	30.00000000	56
2026.06.30	09:09:28.886			14.060	30.00000000	56
2026.06.30	09:09:28.890			14.060	30.00000000	56
2026.06.30	09:09:28.895			14.060	30.00000000	56
2026.06.30	09:09:28.899			14.060	30.00000000	56
2026.06.30	09:09:28.904			14.060	30.00000000	56
2026.06.30	09:09:28.908			14.060	30.00000000	56
2026.06.30	09:09:28.913			14.060	30.00000000	56
2026.06.30	09:09:28.917			14.060	30.00000000	56
2026.06.30	09:09:28.922			14.060	30.00000000	56
2026.06.30	09:09:28.927			14.060	30.00000000	56
2026.06.30	09:09:28.931			14.060	30.00000000	56
2026.06.30	09:09:28.936			14.060	30.00000000	56
2026.06.30	09:09:28.940			14.060	30.00000000	56
2026.06.30	09:09:28.945			14.060	30.00000000	56
2026.06.30	09:09:29.099		14.065			4
2026.06.30	09:09:29.310			14.060	30.00000000	120
2026.06.30	09:09:29.315			14.060	30.00000000	120
2026.06.30	09:09:29.585			14.060	12.00000000	120
2026.06.30	09:09:29.589			14.060	9.00000000	120
2026.06.30	09:09:29.645			14.060	30.00000000	120
2026.06.30	09:09:29.658			14.060	30.00000000	120
2026.06.30	09:09:29.673			14.060	30.00000000	120
2026.06.30	09:09:29.685			14.060	27.00000000	120
2026.06.30	09:09:29.690			14.060	3.00000000	120
2026.06.30	09:09:29.699			14.060	1.00000000	120
2026.06.30	09:09:29.700			14.060	9.00000000	120
2026.06.30	09:09:29.700			14.060	9.00000000	120
2026.06.30	09:09:29.700			14.060	18.00000000	120
2026.06.30	09:09:29.701			14.060	3.00000000	120
2026.06.30	09:09:29.704			14.060	15.00000000	120
2026.06.30	09:09:29.709			14.060	7.00000000	120
2026.06.30	09:09:29.711			14.060	5.00000000	120
2026.06.30	09:09:29.714			14.060	1.00000000	120
2026.06.30	09:09:29.714			14.060	9.00000000	120
2026.06.30	09:09:29.715			14.060	8.00000000	120
2026.06.30	09:09:29.719			14.060	5.00000000	120
2026.06.30	09:09:29.779			14.060	23.00000000	120
2026.06.30	09:09:29.784			14.060	9.00000000	120
2026.06.30	09:09:29.789			14.060	9.00000000	120
2026.06.30	09:09:30.006			14.060	10.00000000	120
2026.06.30	09:09:30.012			14.060	28.00000000	120
2026.06.30	09:09:30.016			14.060	13.00000000	120
2026.06.30	09:09:30.020			14.060	9.00000000	120
2026.06.30	09:09:30.025			14.060	5.00000000	120
2026.06.30	09:09:30.029			14.060	5.00000000	120
2026.06.30	09:09:32.948			14.060	9.00000000	120
2026.06.30	09:09:35.652		14.060			4
2026.06.30	09:09:42.105			14.060	4.00000000	56
2026.06.30	09:09:42.109			14.060	64.00000000	56
2026.06.30	09:09:42.144			14.060	69.00000000	56
2026.06.30	09:09:42.156			14.060	68.00000000	56
2026.06.30	09:09:42.172			14.060	32.00000000	56
2026.06.30	09:09:42.172			14.060	37.00000000	56
2026.06.30	09:09:42.191			14.060	68.00000000	56
2026.06.30	09:09:42.203			14.060	14.00000000	56
2026.06.30	09:09:42.203			14.060	55.00000000	56
2026.06.30	09:09:42.207			14.060	69.00000000	56
2026.06.30	09:09:42.212			14.060	36.00000000	56
2026.06.30	09:09:42.212			14.060	32.00000000	56
2026.06.30	09:09:42.219			14.060	18.00000000	56
2026.06.30	09:09:42.221			14.060	51.00000000	56
2026.06.30	09:09:42.914			14.060	36.00000000	56
2026.06.30	09:09:42.916			14.060	32.00000000	56
2026.06.30	09:09:42.923			14.060	19.00000000	56
2026.06.30	09:09:42.923			14.060	50.00000000	56
2026.06.30	09:09:45.622			14.060	68.00000000	56
2026.06.30	09:09:45.641			14.060	69.00000000	56
2026.06.30	09:09:45.647			14.060	64.00000000	56
2026.06.30	09:09:45.648			14.060	4.00000000	56
2026.06.30	09:09:45.653			14.060	69.00000000	56
2026.06.30	09:09:45.655			14.060	41.00000000	56
2026.06.30	09:09:45.656			14.060	14.00000000	56
2026.06.30	09:09:45.657			14.060	14.00000000	56
2026.06.30	09:09:45.660			14.060	50.00000000	56
2026.06.30	09:09:45.661			14.060	18.00000000	56
2026.06.30	09:09:45.665			14.060	37.00000000	56
2026.06.30	09:09:45.665			14.060	32.00000000	56
2026.06.30	09:09:45.669			14.060	4.00000000	56
2026.06.30	09:09:45.670			14.060	64.00000000	56
2026.06.30	09:09:45.674			14.060	32.00000000	56
2026.06.30	09:09:46.099			14.060	37.00000000	56
2026.06.30	09:09:46.099			14.060	32.00000000	56
2026.06.30	09:09:46.103			14.060	36.00000000	56
2026.06.30	09:09:46.103			14.060	32.00000000	56
2026.06.30	09:09:46.108			14.060	69.00000000	56
2026.06.30	09:09:46.112			14.060	87.00000000	56
2026.06.30	09:09:46.116			14.060	50.00000000	56
2026.06.30	09:09:46.121			14.060	32.00000000	56
2026.06.30	09:09:46.349			14.060	23.00000000	56
2026.06.30	09:09:46.353			14.060	44.00000000	56
2026.06.30	09:09:46.358			14.060	7.00000000	56
2026.06.30	09:09:46.358			14.060	18.00000000	56
2026.06.30	09:09:46.358			14.060	6.00000000	56
2026.06.30	09:09:46.362			14.060	30.00000000	56
2026.06.30	09:09:46.367			14.060	30.00000000	56
2026.06.30	09:09:46.371			14.060	30.00000000	56
2026.06.30	09:09:46.376			14.060	30.00000000	56
2026.06.30	09:09:46.380			14.060	30.00000000	56
2026.06.30	09:09:46.385			14.060	30.00000000	56
2026.06.30	09:09:46.389			14.060	30.00000000	56
2026.06.30	09:09:46.394			14.060	30.00000000	56
2026.06.30	09:09:46.398			14.060	30.00000000	56
2026.06.30	09:09:46.403			14.060	30.00000000	56
2026.06.30	09:09:46.407			14.060	30.00000000	56
2026.06.30	09:09:46.411			14.060	10.00000000	56
2026.06.30	09:09:46.411			14.060	20.00000000	56
2026.06.30	09:09:46.416	14.060				2
2026.06.30	09:09:46.416		14.065			4
2026.06.30	09:09:51.890			14.060	27.00000000	88
2026.06.30	09:09:51.893			14.060	3.00000000	88
2026.06.30	09:09:51.902			14.060	50.00000000	88
2026.06.30	09:09:51.911			14.060	2.00000000	88
2026.06.30	09:09:51.911			14.060	14.00000000	88
2026.06.30	09:09:51.915			14.060	9.00000000	88
2026.06.30	09:09:52.000	14.055				2
2026.06.30	09:09:52.000		14.060			4
2026.06.30	09:09:52.385			14.060	5.00000000	56
2026.06.30	09:09:52.386			14.060	4.00000000	56
2026.06.30	09:09:52.390			14.060	30.00000000	56
2026.06.30	09:09:52.501		14.065			4
2026.06.30	09:09:52.622			14.060	2.00000000	120
2026.06.30	09:09:53.178			14.060	9.00000000	120
2026.06.30	09:09:53.179			14.060	6.00000000	120
2026.06.30	09:09:53.184			14.060	30.00000000	120
2026.06.30	09:09:53.188			14.060	30.00000000	120
2026.06.30	09:09:53.193			14.060	30.00000000	120
2026.06.30	09:09:53.197			14.060	30.00000000	120
2026.06.30	09:09:53.201	14.060				2
2026.06.30	09:09:54.221			14.060	28.00000000	88
2026.06.30	09:09:54.554			14.060	30.00000000	88
2026.06.30	09:10:00.066	14.060				2
2026.06.30	09:10:01.085			14.060	18.00000000	88
2026.06.30	09:10:01.086			14.060	9.00000000	88
2026.06.30	09:10:01.334			14.060	5.00000000	88
2026.06.30	09:10:01.334			14.060	14.00000000	88
2026.06.30	09:10:01.334	14.055				2
2026.06.30	09:10:01.334		14.060			4
2026.06.30	09:10:01.357			14.060	18.00000000	56
2026.06.30	09:10:01.361		14.065			4
2026.06.30	09:10:03.000	14.060				2
2026.06.30	09:10:13.240			14.060	31.00000000	88
2026.06.30	09:10:13.253			14.060	30.00000000	88
2026.06.30	09:10:13.724	14.055				2
2026.06.30	09:10:15.107	14.060				2
2026.06.30	09:10:20.444			14.065	9.00000000	56
2026.06.30	09:10:20.446			14.065	59.00000000	56
2026.06.30	09:10:20.465			14.065	69.00000000	56
2026.06.30	09:10:20.469			14.065	68.00000000	56
2026.06.30	09:10:20.471			14.065	69.00000000	56
2026.06.30	09:10:20.474			14.065	68.00000000	56
2026.06.30	09:10:20.478			14.065	69.00000000	56
2026.06.30	09:10:20.483			14.065	69.00000000	56
2026.06.30	09:10:20.487			14.065	68.00000000	56
2026.06.30	09:10:20.491			14.065	69.00000000	56
2026.06.30	09:10:20.496			14.065	68.00000000	56
2026.06.30	09:10:20.500			14.065	69.00000000	56
2026.06.30	09:10:20.504			14.065	68.00000000	56
2026.06.30	09:10:20.509			14.065	69.00000000	56
2026.06.30	09:10:20.513			14.065	40.00000000	56
2026.06.30	09:10:20.513			14.065	28.00000000	56
2026.06.30	09:10:20.517			14.065	69.00000000	56
2026.06.30	09:10:20.521			14.065	69.00000000	56
2026.06.30	09:10:20.526			14.065	68.00000000	56
2026.06.30	09:10:20.530			14.065	69.00000000	56
2026.06.30	09:10:20.534			14.065	68.00000000	56
2026.06.30	09:10:20.539			14.065	69.00000000	56
2026.06.30	09:10:20.543			14.065	68.00000000	56
2026.06.30	09:10:20.547			14.065	69.00000000	56
2026.06.30	09:10:20.552			14.065	68.00000000	56
2026.06.30	09:10:20.556			14.065	69.00000000	56
2026.06.30	09:10:20.560			14.065	69.00000000	56
2026.06.30	09:10:20.565			14.065	68.00000000	56
2026.06.30	09:10:20.569			14.065	69.00000000	56
2026.06.30	09:10:20.574			14.065	27.00000000	56
2026.06.30	09:10:20.574			14.065	41.00000000	56
2026.06.30	09:10:20.578			14.065	99.00000000	56
2026.06.30	09:10:20.582			14.065	82.00000000	56
2026.06.30	09:10:20.586			14.065	29.00000000	56
2026.06.30	09:10:20.591			14.065	69.00000000	56
2026.06.30	09:10:20.595			14.065	99.00000000	56
2026.06.30	09:10:20.599			14.065	68.00000000	56
2026.06.30	09:10:20.604			14.065	46.00000000	56
2026.06.30	09:10:20.608			14.065	15.00000000	56
2026.06.30	09:10:20.608			14.065	9.00000000	56
2026.06.30	09:10:20.609			14.065	5.00000000	56
2026.06.30	09:10:20.609			14.065	1.00000000	56
2026.06.30	09:10:20.614			14.065	6.00000000	56
2026.06.30	09:10:20.614			14.065	12.00000000	56
2026.06.30	09:10:20.614			14.065	9.00000000	56
2026.06.30	09:10:20.615			14.065	5.00000000	56
2026.06.30	09:10:20.618			14.065	6.00000000	56
2026.06.30	09:10:20.618			14.065	30.00000000	56
2026.06.30	09:10:20.622			14.065	57.00000000	56
2026.06.30	09:10:20.627			14.065	9.00000000	56
2026.06.30	09:10:20.627			14.065	32.00000000	56
2026.06.30	09:10:20.632			14.065	9.00000000	56
2026.06.30	09:10:20.632			14.065	14.00000000	56
2026.06.30	09:10:20.632			14.065	7.00000000	56
2026.06.30	09:10:20.637			14.065	30.00000000	56
2026.06.30	09:10:20.641			14.065	7.00000000	56
2026.06.30	09:10:20.642			14.065	23.00000000	56
2026.06.30	09:10:20.646			14.065	30.00000000	56
2026.06.30	09:10:20.651			14.065	30.00000000	56
2026.06.30	09:10:20.655			14.065	30.00000000	56
2026.06.30	09:10:20.660			14.065	30.00000000	56
2026.06.30	09:10:20.664			14.065	30.00000000	56
2026.06.30	09:10:20.668			14.065	30.00000000	56
2026.06.30	09:10:20.673			14.065	30.00000000	56
2026.06.30	09:10:20.677			14.065	30.00000000	56
2026.06.30	09:10:20.682			14.065	30.00000000	56
2026.06.30	09:10:20.686			14.065	30.00000000	56
2026.06.30	09:10:20.691			14.065	30.00000000	56
2026.06.30	09:10:20.695			14.065	30.00000000	56
2026.06.30	09:10:20.699			14.065	30.00000000	56
2026.06.30	09:10:20.704			14.065	30.00000000	56
2026.06.30	09:10:20.708			14.065	30.00000000	56
2026.06.30	09:10:20.713			14.065	30.00000000	56
2026.06.30	09:10:20.717			14.065	30.00000000	56
2026.06.30	09:10:20.721			14.065	30.00000000	56
2026.06.30	09:10:20.726			14.065	30.00000000	56
2026.06.30	09:10:20.730			14.065	30.00000000	56
2026.06.30	09:10:20.735			14.065	30.00000000	56
2026.06.30	09:10:20.739			14.065	30.00000000	56
2026.06.30	09:10:20.744			14.065	30.00000000	56
2026.06.30	09:10:20.748			14.065	30.00000000	56
2026.06.30	09:10:20.752			14.065	30.00000000	56
2026.06.30	09:10:20.757			14.065	30.00000000	56
2026.06.30	09:10:20.761			14.065	30.00000000	56
2026.06.30	09:10:20.765			14.065	30.00000000	56
2026.06.30	09:10:20.770			14.065	30.00000000	56
2026.06.30	09:10:20.774			14.065	30.00000000	56
2026.06.30	09:10:20.778			14.065	30.00000000	56
2026.06.30	09:10:20.783			14.065	30.00000000	56
2026.06.30	09:10:20.787			14.065	30.00000000	56
2026.06.30	09:10:20.792			14.065	30.00000000	56
2026.06.30	09:10:20.796			14.065	30.00000000	56
2026.06.30	09:10:20.800			14.065	30.00000000	56
2026.06.30	09:10:20.805			14.065	30.00000000	56
2026.06.30	09:10:20.809	14.065				2
2026.06.30	09:10:20.809		14.070			4
2026.06.30	09:10:21.724			14.065	30.00000000	88
2026.06.30	09:10:21.734			14.065	5.00000000	88
2026.06.30	09:10:21.734			14.065	18.00000000	88
2026.06.30	09:10:21.737			14.065	7.00000000	88
2026.06.30	09:10:21.742			14.065	27.00000000	88
2026.06.30	09:10:21.747			14.065	3.00000000	88
2026.06.30	09:10:21.752			14.065	27.00000000	88
2026.06.30	09:10:21.761			14.065	21.00000000	88
2026.06.30	09:10:21.763			14.065	47.00000000	88
2026.06.30	09:10:21.768			14.065	30.00000000	88
2026.06.30	09:10:21.772			14.065	30.00000000	88
2026.06.30	09:10:24.354	14.060				2
2026.06.30	09:10:27.000		14.065			4
2026.06.30	09:10:28.485			14.065	6.00000000	56
2026.06.30	09:10:28.624		14.070			4
2026.06.30	09:10:31.042	14.065				2
2026.06.30	09:10:35.955			14.065	349.00000000	88
2026.06.30	09:10:36.473			14.070	9.00000000	56
2026.06.30	09:10:36.474			14.070	60.00000000	56
2026.06.30	09:10:36.493			14.065	18.00000000	88
2026.06.30	09:10:36.512			14.065	203.00000000	88
2026.06.30	09:10:36.523			14.065	1.00000000	88
2026.06.30	09:10:36.523	14.060				2
2026.06.30	09:10:37.000		14.065			4
2026.06.30	09:11:00.241	14.060				2
2026.06.30	09:11:39.606		14.065			4
2026.06.30	09:11:48.008			14.065	69.00000000	56
2026.06.30	09:11:48.019			14.065	36.00000000	56
2026.06.30	09:11:48.023			14.065	5.00000000	56
2026.06.30	09:11:52.841			14.065	13.00000000	56
2026.06.30	09:11:52.844			14.065	10.00000000	56
2026.06.30	09:11:52.844			14.065	45.00000000	56
2026.06.30	09:11:52.859			14.065	5.00000000	56
2026.06.30	09:11:52.859			14.065	64.00000000	56
2026.06.30	09:11:52.866			14.065	9.00000000	56
2026.06.30	09:11:52.867			14.065	14.00000000	56
2026.06.30	09:11:52.868			14.065	36.00000000	56
2026.06.30	09:11:52.968			14.065	5.00000000	56
2026.06.30	09:11:52.969			14.065	27.00000000	56
2026.06.30	09:11:52.969			14.065	28.00000000	56
2026.06.30	09:11:52.970			14.065	9.00000000	56
2026.06.30	09:11:52.973			14.065	41.00000000	56
2026.06.30	09:11:53.029			14.065	18.00000000	56
2026.06.30	09:11:53.029			14.065	9.00000000	56
2026.06.30	09:11:53.785			14.065	23.00000000	56
2026.06.30	09:11:53.789			14.065	23.00000000	56
2026.06.30	09:11:53.794			14.065	23.00000000	56
2026.06.30	09:11:55.956			14.065	18.00000000	56
2026.06.30	09:11:55.960			14.065	5.00000000	56
2026.06.30	09:11:55.961			14.065	9.00000000	56
2026.06.30	09:11:57.869			14.065	9.00000000	56
2026.06.30	09:11:57.874			14.065	5.00000000	56
2026.06.30	09:11:57.878			14.065	4.00000000	56
2026.06.30	09:12:00.336	14.060				2
2026.06.30	09:12:00.341			14.065	14.00000000	56
2026.06.30	09:12:01.000		14.070			4
2026.06.30	09:12:01.637		14.065			4
2026.06.30	09:12:02.167			14.065	8.00000000	56
2026.06.30	09:12:02.167			14.065	14.00000000	56
2026.06.30	09:12:02.167			14.065	5.00000000	56
2026.06.30	09:12:02.172			14.065	1.00000000	56
2026.06.30	09:12:02.173			14.065	30.00000000	56
2026.06.30	09:12:02.178			14.065	25.00000000	56
2026.06.30	09:12:02.183			14.065	18.00000000	56
2026.06.30	09:12:02.187			14.065	14.00000000	56
2026.06.30	09:12:02.192			14.065	14.00000000	56
2026.06.30	09:12:02.196			14.065	9.00000000	56
2026.06.30	09:12:02.200			14.065	5.00000000	56
2026.06.30	09:12:02.205			14.065	4.00000000	56
2026.06.30	09:12:02.209			14.065	30.00000000	56
2026.06.30	09:12:02.214			14.065	28.00000000	56
2026.06.30	09:12:02.214			14.065	2.00000000	56
2026.06.30	09:12:02.872			14.065	22.00000000	56
2026.06.30	09:12:04.764			14.065	14.00000000	56
2026.06.30	09:12:04.766			14.065	30.00000000	56
2026.06.30	09:12:04.770			14.065	12.00000000	56
2026.06.30	09:12:04.771			14.065	14.00000000	56
2026.06.30	09:12:04.771			14.065	4.00000000	56
2026.06.30	09:12:04.776			14.065	30.00000000	56
2026.06.30	09:12:04.780			14.065	30.00000000	56
2026.06.30	09:12:04.857		14.070			4
2026.06.30	09:12:06.088		14.065			4
2026.06.30	09:12:13.509			14.065	5.00000000	56
2026.06.30	09:12:13.515		14.070			4
2026.06.30	09:12:14.735			14.065	7.00000000	120
2026.06.30	09:12:14.735			14.065	7.00000000	120
2026.06.30	09:12:14.736			14.065	3.00000000	120
2026.06.30	09:12:14.737			14.065	3.00000000	120
2026.06.30	09:12:14.740			14.065	9.00000000	120
2026.06.30	09:12:14.745			14.065	4.00000000	120
2026.06.30	09:12:14.745			14.065	5.00000000	120
2026.06.30	09:12:14.749			14.065	5.00000000	120
2026.06.30	09:12:16.651			14.065	14.00000000	120
2026.06.30	09:12:16.652			14.065	16.00000000	120
2026.06.30	09:12:16.656			14.065	24.00000000	120
2026.06.30	09:12:16.661			14.065	7.00000000	120
2026.06.30	09:12:16.661			14.065	7.00000000	120
2026.06.30	09:12:16.666			14.065	7.00000000	120
2026.06.30	09:12:16.666			14.065	7.00000000	120
2026.06.30	09:12:16.670			14.065	18.00000000	120
2026.06.30	09:12:16.675			14.065	14.00000000	120
2026.06.30	09:12:16.679			14.065	20.00000000	120
2026.06.30	09:12:16.680			14.065	6.00000000	120
2026.06.30	09:12:16.680			14.065	5.00000000	120
2026.06.30	09:12:16.684			14.065	13.00000000	120
2026.06.30	09:12:16.689			14.065	14.00000000	120
2026.06.30	09:12:16.693			14.065	14.00000000	120
2026.06.30	09:12:16.694			14.065	5.00000000	120
2026.06.30	09:12:16.698			14.065	20.00000000	120
2026.06.30	09:12:16.698			14.065	8.00000000	120
2026.06.30	09:12:16.699			14.065	3.00000000	120
2026.06.30	09:12:16.702			14.065	13.00000000	120
2026.06.30	09:12:16.707			14.065	10.00000000	120
2026.06.30	09:12:16.711			14.065	18.00000000	120
2026.06.30	09:12:16.711			14.065	5.00000000	120
2026.06.30	09:12:16.716			14.065	14.00000000	120
2026.06.30	09:12:16.720			14.065	9.00000000	120
2026.06.30	09:12:16.720			14.065	5.00000000	120
2026.06.30	09:12:16.724			14.065	18.00000000	120
2026.06.30	09:12:16.725			14.065	5.00000000	120
2026.06.30	09:12:16.729			14.065	14.00000000	120
2026.06.30	09:12:16.733			14.065	9.00000000	120
2026.06.30	09:12:16.734			14.065	5.00000000	120
2026.06.30	09:12:16.738			14.065	9.00000000	120
2026.06.30	09:12:16.742			14.065	5.00000000	120
2026.06.30	09:12:16.747			14.065	4.00000000	120
2026.06.30	09:12:16.747			14.065	5.00000000	120
2026.06.30	09:12:24.379			14.065	50.00000000	120
2026.06.30	09:12:24.383			14.065	1.00000000	120
2026.06.30	09:12:24.383			14.065	9.00000000	120
2026.06.30	09:12:24.396			14.065	1.00000000	120
2026.06.30	09:12:24.400			14.065	12.00000000	120
2026.06.30	09:12:24.401			14.065	6.00000000	120
2026.06.30	09:12:24.404			14.065	11.00000000	120
2026.06.30	09:12:24.421			14.065	15.00000000	120
2026.06.30	09:12:24.433	14.065				2
2026.06.30	09:12:28.642			14.070	11.00000000	56
2026.06.30	09:12:28.643			14.070	9.00000000	56
2026.06.30	09:12:28.646			14.070	51.00000000	56
2026.06.30	09:12:28.655			14.070	68.00000000	56
2026.06.30	09:12:28.661			14.070	69.00000000	56
2026.06.30	09:12:28.665			14.070	68.00000000	56
2026.06.30	09:12:28.668			14.070	64.00000000	56
2026.06.30	09:12:28.668			14.070	5.00000000	56
2026.06.30	09:12:28.672			14.070	35.00000000	56
2026.06.30	09:12:28.672			14.070	6.00000000	56
2026.06.30	09:12:38.396			14.065	250.00000000	88
2026.06.30	09:12:42.777			14.065	144.00000000	88
2026.06.30	09:12:42.780			14.065	6.00000000	88
2026.06.30	09:12:44.000	14.060				2
2026.06.30	09:12:47.206		14.065			4
2026.06.30	09:12:53.600			14.065	5.00000000	56
2026.06.30	09:12:53.603		14.070			4
2026.06.30	09:12:56.664		14.065			4
2026.06.30	09:12:57.000		14.070			4
2026.06.30	09:12:57.722		14.065			4
2026.06.30	09:13:00.588	14.060				2
2026.06.30	09:14:02.788	14.060	14.065			6
2026.06.30	09:14:41.789			14.060	650.00000000	88
2026.06.30	09:14:42.015	14.055				2
2026.06.30	09:14:42.015		14.060			4
2026.06.30	09:15:00.044	14.055				2
2026.06.30	09:15:01.534			14.055	18.00000000	88
2026.06.30	09:15:01.552			14.055	4.00000000	88
2026.06.30	09:15:01.556			14.055	9.00000000	88
2026.06.30	09:15:21.347			14.055	19.00000000	88
2026.06.30	09:15:43.367		14.060			4
2026.06.30	09:15:57.469			14.060	9.00000000	56
2026.06.30	09:15:57.470			14.060	320.00000000	56
2026.06.30	09:15:57.470			14.060	411.00000000	56
2026.06.30	09:15:57.470			14.060	254.00000000	56
2026.06.30	09:15:57.471			14.060	383.00000000	56
2026.06.30	09:15:57.497	14.060				2
2026.06.30	09:15:57.497		14.065			4
2026.06.30	09:16:02.431	14.060				2
2026.06.30	09:16:31.079			14.065	120.00000000	56
2026.06.30	09:16:31.085			14.065	7.00000000	56
2026.06.30	09:16:31.085			14.065	35.00000000	56
2026.06.30	09:16:31.085			14.065	50.00000000	56
2026.06.30	09:16:31.089			14.065	8.00000000	56
2026.06.30	09:16:31.090			14.065	3.00000000	56
2026.06.30	09:16:31.091			14.065	6.00000000	56
2026.06.30	09:16:31.099			14.065	7.00000000	56
2026.06.30	09:16:31.103			14.065	50.00000000	56
2026.06.30	09:16:31.104			14.065	42.00000000	56
2026.06.30	09:16:31.106			14.065	6.00000000	56
2026.06.30	09:16:31.107			14.065	16.00000000	56
2026.06.30	09:16:31.108			14.065	5.00000000	56
2026.06.30	09:16:31.111			14.065	10.00000000	56
2026.06.30	09:16:31.111			14.065	40.00000000	56
2026.06.30	09:16:31.111			14.065	70.00000000	56
2026.06.30	09:16:31.116			14.065	2.00000000	56
2026.06.30	09:16:31.165			14.065	1.00000000	56
2026.06.30	09:16:31.165			14.065	26.00000000	56
2026.06.30	09:16:31.379			14.065	7.00000000	56
2026.06.30	09:16:31.512			14.065	2.00000000	56
2026.06.30	09:16:31.512			14.065	18.00000000	56
2026.06.30	09:16:31.513			14.065	20.00000000	56
2026.06.30	09:16:31.539			14.065	10.00000000	56
2026.06.30	09:16:31.539	14.065				2
2026.06.30	09:16:31.539		14.070			4
2026.06.30	09:16:33.477			14.065	1.00000000	88
2026.06.30	09:16:33.480	14.060				2
2026.06.30	09:16:33.667		14.065			4
2026.06.30	09:16:39.249		14.070			4
2026.06.30	09:16:41.000		14.065			4
2026.06.30	09:17:00.112	14.060				2
2026.06.30	09:17:45.077		14.065			4
2026.06.30	09:17:55.275			14.060	19.00000000	88
2026.06.30	09:17:55.275			14.060	1.00000000	88
2026.06.30	09:17:55.446	14.055				2
2026.06.30	09:17:55.446		14.060			4
2026.06.30	09:18:00.962	14.055				2
2026.06.30	09:18:11.216			14.060	8.00000000	56
2026.06.30	09:18:11.245	14.060				2
2026.06.30	09:18:11.248		14.065			4
2026.06.30	09:18:41.167			14.060	2.00000000	88
2026.06.30	09:18:41.174			14.060	19.00000000	88
2026.06.30	09:18:41.176			14.060	17.00000000	88
2026.06.30	09:18:41.194			14.060	18.00000000	88
2026.06.30	09:18:41.194			14.060	24.00000000	88
2026.06.30	09:18:41.199			14.060	6.00000000	88
2026.06.30	09:18:41.200			14.060	1.00000000	88
2026.06.30	09:18:41.217	14.055				2
2026.06.30	09:18:41.217		14.060			4
2026.06.30	09:19:02.572			14.060	114.00000000	56
2026.06.30	09:19:02.777	14.060				2
2026.06.30	09:19:02.777		14.065			4
2026.06.30	09:19:20.924			14.060	1.00000000	88
2026.06.30	09:19:26.470			14.065	18.00000000	56
2026.06.30	09:19:26.481			14.065	1.00000000	56
2026.06.30	09:19:26.481			14.065	8.00000000	56
2026.06.30	09:19:26.484			14.065	2.00000000	56
2026.06.30	09:19:26.484			14.065	7.00000000	56
2026.06.30	09:19:26.485			14.065	55.00000000	56
2026.06.30	09:19:26.502			14.065	35.00000000	56
2026.06.30	09:19:26.502			14.065	70.00000000	56
2026.06.30	09:19:26.502			14.065	1.00000000	56
2026.06.30	09:19:26.502			14.065	10.00000000	56
2026.06.30	09:19:26.506			14.065	54.00000000	56
2026.06.30	09:19:26.523			14.065	21.00000000	56
2026.06.30	09:19:26.540			14.065	18.00000000	56
2026.06.30	09:19:26.555		14.070			4
2026.06.30	09:19:31.603			14.065	4.00000000	120
2026.06.30	09:19:35.000		14.065			4
2026.06.30	09:19:40.056		14.070			4
2026.06.30	09:19:52.827		14.065			4
2026.06.30	09:19:56.088		14.070			4
2026.06.30	09:19:56.525	14.065				2
2026.06.30	09:19:57.839			14.065	1.00000000	88
2026.06.30	09:19:58.000	14.060				2
2026.06.30	09:20:00.288			14.065	1.00000000	120
2026.06.30	09:20:00.288			14.065	1.00000000	120
2026.06.30	09:20:01.138			14.065	2.00000000	120
2026.06.30	09:20:02.834			14.065	1.00000000	120
2026.06.30	09:20:02.834			14.065	1.00000000	120
2026.06.30	09:20:03.815	14.060				2
2026.06.30	09:20:05.931			14.065	5.00000000	120
2026.06.30	09:20:05.932			14.065	1.00000000	120
2026.06.30	09:20:05.937			14.065	5.00000000	120
2026.06.30	09:20:05.937			14.065	1.00000000	120
2026.06.30	09:20:06.000	14.065				2
2026.06.30	09:20:06.439			14.065	1.00000000	88
2026.06.30	09:20:06.439	14.060				2
2026.06.30	09:20:10.571	14.065				2
2026.06.30	09:20:56.672			14.065	62.00000000	88
2026.06.30	09:20:56.691	14.060	14.070			6
2026.06.30	09:20:58.796		14.065			4
2026.06.30	09:21:00.304	14.060				2
2026.06.30	09:21:22.095			14.065	3.00000000	56
2026.06.30	09:21:22.124	14.065				2
2026.06.30	09:21:22.217		14.070			4
2026.06.30	09:22:00.058	14.065				2
2026.06.30	09:22:08.496	14.060				2
2026.06.30	09:22:10.683		14.065			4
2026.06.30	09:22:13.056		14.070			4
2026.06.30	09:22:14.105	14.065				2
2026.06.30	09:22:26.929			14.065	7.00000000	88
2026.06.30	09:22:27.000	14.060				2
2026.06.30	09:22:27.000		14.065			4
2026.06.30	09:22:34.723		14.070			4
2026.06.30	09:22:49.547	14.065				2
2026.06.30	09:23:00.074	14.065				2
2026.06.30	09:23:30.000	14.060				2
2026.06.30	09:23:37.967		14.070			4
2026.06.30	09:23:41.000	14.065				2
2026.06.30	09:24:00.285	14.065				2
2026.06.30	09:24:29.455			14.070	9.00000000	56
2026.06.30	09:24:29.456			14.070	297.00000000	56
2026.06.30	09:24:29.457			14.070	142.00000000	56
2026.06.30	09:24:29.461			14.070	9.00000000	56
2026.06.30	09:24:29.462			14.070	9.00000000	56
2026.06.30	09:24:29.462			14.070	183.00000000	56
2026.06.30	09:24:29.462			14.070	71.00000000	56
2026.06.30	09:24:38.319		14.070			4
2026.06.30	09:24:49.946			14.065	2.00000000	88
2026.06.30	09:25:01.138	14.065				2
2026.06.30	09:25:23.369			14.065	26.00000000	88
2026.06.30	09:25:23.401	14.060				2
2026.06.30	09:25:23.907	14.065				2
2026.06.30	09:25:25.046			14.065	2.00000000	88
2026.06.30	09:25:25.326	14.060				2
2026.06.30	09:25:39.664		14.070			4
2026.06.30	09:25:49.831		14.065			4
2026.06.30	09:25:53.375		14.070			4
2026.06.30	09:25:58.526		14.065			4
2026.06.30	09:25:59.174			14.065	58.00000000	56
2026.06.30	09:25:59.174			14.065	17.00000000	56
2026.06.30	09:25:59.176	14.065				2
2026.06.30	09:25:59.176		14.070			4
2026.06.30	09:26:00.721	14.065				2
2026.06.30	09:26:12.886			14.065	151.00000000	88
2026.06.30	09:26:12.893			14.065	14.00000000	88
2026.06.30	09:26:17.833			14.065	6.00000000	88
2026.06.30	09:26:17.838			14.065	19.00000000	88
2026.06.30	09:26:17.842			14.065	1.00000000	88
2026.06.30	09:26:35.359			14.065	17.00000000	88
2026.06.30	09:26:38.022			14.065	77.00000000	88
2026.06.30	09:26:38.024			14.065	2.00000000	88
2026.06.30	09:26:38.026			14.065	77.00000000	88
2026.06.30	09:26:38.652			14.065	13.00000000	88
2026.06.30	09:26:38.777			14.065	21.00000000	88
2026.06.30	09:26:38.777			14.065	5.00000000	88
2026.06.30	09:26:38.781			14.065	45.00000000	88
2026.06.30	09:26:38.781			14.065	27.00000000	88
2026.06.30	09:26:38.782			14.065	13.00000000	88
2026.06.30	09:26:38.795			14.065	13.00000000	88
2026.06.30	09:26:38.795			14.065	13.00000000	88
2026.06.30	09:26:38.803			14.065	13.00000000	88
2026.06.30	09:26:44.109			14.065	202.00000000	88
2026.06.30	09:26:44.109	14.060				2
2026.06.30	09:26:44.112		14.065			4
2026.06.30	09:26:53.486			14.060	13.00000000	88
2026.06.30	09:27:00.483	14.060				2
2026.06.30	09:27:31.046			14.065	21.00000000	56
2026.06.30	09:27:31.048			14.065	71.00000000	56
2026.06.30	09:27:31.067			14.065	6.00000000	56
2026.06.30	09:27:31.067			14.065	5.00000000	56
2026.06.30	09:27:31.080			14.065	50.00000000	56
2026.06.30	09:27:32.353			14.060	13.00000000	88
2026.06.30	09:27:33.371			14.060	13.00000000	88
2026.06.30	09:27:44.115		14.065			4
2026.06.30	09:27:56.359		14.070			4
2026.06.30	09:27:57.418		14.065			4
2026.06.30	09:28:00.344	14.060				2
2026.06.30	09:28:01.530			14.065	39.00000000	56
2026.06.30	09:28:10.565			14.060	32.00000000	88
2026.06.30	09:28:35.363			14.060	2.00000000	88
2026.06.30	09:28:42.968			14.060	2.00000000	88
2026.06.30	09:28:53.131			14.060	1.00000000	88
2026.06.30	09:28:53.131			14.060	2.00000000	88
2026.06.30	09:28:53.134			14.060	1.00000000	88
2026.06.30	09:28:53.140			14.060	8.00000000	88
2026.06.30	09:28:58.462		14.065			4
2026.06.30	09:29:00.226	14.060				2
2026.06.30	09:29:00.721			14.065	18.00000000	56
2026.06.30	09:29:05.615			14.060	9.00000000	88
2026.06.30	09:29:05.617			14.060	13.00000000	88
2026.06.30	09:29:05.629			14.060	2.00000000	88
2026.06.30	09:29:05.632			14.060	5.00000000	88
2026.06.30	09:29:05.633			14.060	1.00000000	88
2026.06.30	09:29:05.633			14.060	2.00000000	88
2026.06.30	09:29:34.983			14.060	6.00000000	88
2026.06.30	09:29:34.986			14.060	2.00000000	88
